pdb_id	release_date	title	method	resolution	entity_ids	entities	matched_terms
11YB	2026-09-09T00:00:00Z	Structure of AlphaIIbBeta3-R21C11 Fab in the near-bent conformation	ELECTRON MICROSCOPY	3.4	1;2;3;4	1:A:Integrin alpha-IIb | 2:B:Integrin beta-3 | 3:H:R21C11 Fab heavy chain | 4:L:R21C11 Fab light chain	single-domain antibody
13FJ	2026-06-17T00:00:00Z	TGFB1 IN COMPLEX WITH NIS793 FAB	X-RAY DIFFRACTION	2.75	1;2;3	1:A,B:Transforming growth factor beta-1 | 2:H,I:NIS793 Fab heavy chain | 3:L,M:NIS793 Fab light chain	single-domain antibody
9P9S	2026-07-01T00:00:00Z	KL-H15-6G8 Fab in complex with soluble A/wedge-tailed shearwater/Western Australia/2576/1979 H15 hemagglutinin trimer	ELECTRON MICROSCOPY	3.41	1;2;3;4	4:L:KL-15-6G8 light chain Fv | 3:H:KL-15-6G8 heavy chain Fv | 2:B,D,F:Hemagglutinin HA2 | 1:A,C,E:Hemagglutinin HA1	single-domain antibody
9P9R	2026-07-01T00:00:00Z	KL-H15-6H4 Fab in complex with soluble A/wedge-tailed shearwater/Western Australia/2576/1979 H15 hemagglutinin trimer	ELECTRON MICROSCOPY	3.14	1;2;3;4	4:L:KL-15-6H4 light chain Fv | 3:H:KL-15-6H4 heavy chain Fv | 2:B,D,F:Hemagglutinin HA2 | 1:A,C,E:Hemagglutinin HA1	single-domain antibody
9P9Q	2026-07-01T00:00:00Z	KL-H15-3G11 Fab in complex with soluble A/wedge-tailed shearwater/Western Australia/2576/1979 H15 hemagglutinin trimer	ELECTRON MICROSCOPY	3.7	1;2;3;4	4:L:KL-15-3G11 light chain Fv | 3:H:KL-15-3G11 heavy chain Fv | 2:A,C,E:Hemagglutinin HA1 | 1:B,D,F:Hemagglutinin HA2	single-domain antibody
9P4F	2026-07-22T00:00:00Z	Cryo-EM structure of Nectin-2 complex with Fab F1	ELECTRON MICROSCOPY	3.01	1;2;3	3:C,F:F1 heavy chain | 2:B,E:F1 light chain | 1:A,D:Nectin-2	single-domain antibody
9P1V	2026-06-17T00:00:00Z	Structure of MAb PhtD3 in complex with PhtD	ELECTRON MICROSCOPY	3.27	1;2;3	3:H:MAb PhtD3 antibody heavy chain | 2:L:MAb PhtD3 antibody light chain | 1:A:Histidine triad protein D	single-domain antibody
9OSU	2026-06-17T00:00:00Z	Structure of human Fab HB315 in complex with influenza H1N1 A/Solomon Island/3/2006 hemagglutinin	ELECTRON MICROSCOPY	2.67	1;2;3;4	4:K,L,N:Light chain of Fab from human antibody HB315 | 3:H,I,M:Heavy chain of Fab from human antibody HB315 | 2:B,D,F:Hemagglutinin HA2 | 1:A,C,E:Hemagglutinin HA1	single-domain antibody
9OST	2026-06-17T00:00:00Z	Structure of human Fab HB34 in complex with influenza H1N1 A/Solomon Island/3/2006 hemagglutinin	ELECTRON MICROSCOPY	2.64	1;2;3;4;5;6	6:P,S,Y:Light chain of FISW84 | 5:O,R,X:Heavy chain of FISW84 Fab | 4:I,K,N:Light chain of Fab from human antibody HB31 | 3:H,J,M:Heavy chain of Fab from human antibody HB34 | 2:B,D,F:Hemagglutinin HA2 | 1:A,C,E:Hemagglutinin HA1	single-domain antibody
9OSS	2026-06-17T00:00:00Z	Structure of human Fab HB31 in complex with influenza H1N1 A/Solomon Island/3/2006 hemagglutinin	ELECTRON MICROSCOPY	2.76	1;2;3;4	4:I,K,N:Light chain of Fab from human antibody HB31 | 3:H,J,M:Heavy chain of Fab from human antibody HB31 | 2:B,D,F:Hemagglutinin HA2 | 1:A,C,E:Hemagglutinin HA1	single-domain antibody
9OM5	2026-05-27T00:00:00Z	Composite map of six VRC35 Fabs and three MEDI8852 Fabs bound to influenza H3N2 Victoria 2011 hemagglutinin	ELECTRON MICROSCOPY	3.4	1;2;3;4;5;6	6:b,d,f,h,j,l:VRC35 Fab light chain | 5:a,c,e,g,i,k:VRC35 Fab heavy chain | 4:H,J,L:MEDI8852 Fab light chain | 3:G,I,K:MEDI8852 Fab heavy chain | 2:B,D,F:Hemagglutinin | 1:A,C,E:Hemagglutinin	single-domain antibody
9OEG	2026-07-08T00:00:00Z	Structure of the human astrovirus VA1 capsid spike bound to antibody 2A2	ELECTRON MICROSCOPY	3.05	1;2;3	3:A,B:Capsid polyprotein VP90 | 2:K,L:2A2 light chain | 1:H,J:2A2 heavy chain	single-domain antibody
9OEF	2026-07-08T00:00:00Z	Structure of the human astrovirus VA1 capsid spike bound to antibody 7C8	ELECTRON MICROSCOPY	2.69	1;2;3	3:K,L:7C8 light chain | 2:H,J:7C8 heavy chain | 1:A,C:Spike protein VP38	single-domain antibody
9NZ2	2026-06-03T00:00:00Z	Cryo-EM structure of antibody 22F5 in complex with pre-fusion stabilized LayV-F	ELECTRON MICROSCOPY	4.46	1;2;3	3:E,G,H:Antibody 22F5 Kappa Light Chain | 2:D,F,I:Antibody 22F5 Heavy Chain | 1:A,B,C:Fusion glycoprotein F0	single-domain antibody
9NZ0	2026-06-17T00:00:00Z	Cryo-EM structure of vaccine elicited antibody 22F5 bound to the post-fusion conformation of the LayV-F glycoprotein	ELECTRON MICROSCOPY	3.31	1;2;3	3:E,G,H:22F5 Kappa Light Chain | 2:D,F,I:22F5 Heavy Chain | 1:A,B,C:Fusion glycoprotein F0	single-domain antibody
9NFT	2026-08-26T00:00:00Z	PRO-37587 bound to SARS-CoV-2 Spike protein	ELECTRON MICROSCOPY	3.0	1;2;3	3:E,G,I:PRO-37587 FAB heavy chain | 2:D,F,H:PRO-37587 FAB light chain | 1:A,B,C:Spike glycoprotein	single-domain antibody
9NEY	2026-07-01T00:00:00Z	The structure of BoNT/A in complex with a neutralizing antibody 2G11	ELECTRON MICROSCOPY	3.06	1;2;3	3:B:Light Chain | 2:C:Heavy Chain | 1:A:Botulinum neurotoxin type A	single-domain antibody
9N84	2026-09-16T00:00:00Z	Yeast TIM23 complex inhibited by stendomycin	ELECTRON MICROSCOPY	3.2	1;2;3;4;5;6	6:D:Stendomycin V | 5:H:Antibody Fab fragment heavy chain | 4:L:Antibody Fab fragment light chain | 3:C:Mitochondrial import inner membrane translocase subunit TIM44 | 2:B:Mitochondrial import inner membrane translocase subunit TIM23 | 1:A:Mitochondrial import inner membrane translocase subunit TIM17	single-domain antibody
9N3B	2026-07-08T00:00:00Z	CryoEM structure of WNV (Kunjin strain) with the Fab of WNV-86 antibody	ELECTRON MICROSCOPY	3.8	1;2;3;4	4:L:WNV-86 light chain | 3:H:WNV-86 heavy chain | 2:B,D,F:Small envelope protein M | 1:A,C,E:Envelope protein E	single-domain antibody
9E6G	2026-06-24T00:00:00Z	Locally Refined Cryo-EM map of 2G12 IgG BCR receptor lacking Fab region view	ELECTRON MICROSCOPY	4.4	1;2;3	3:D:B-cell antigen receptor complex-associated protein beta chain | 2:C:B-cell antigen receptor complex-associated protein alpha chain | 1:A,B:Immunoglobulin heavy constant gamma 1	single-domain antibody
33CI	2026-08-26T00:00:00Z	Cryo-EM structure of MAGE-A4 (230-239)-bound HLA-A*02:01 in complex with Fab VR-58	ELECTRON MICROSCOPY	2.2	1;2;3;4;5;6;7	7:E:Fab VR-6 heavy chain | 6:D:Fab VR-6 light chain | 5:G:Fab BBM.1 heavy chain | 4:F:Fab BBM.1 light chain | 3:C:Melanoma-associated antigen 4 | 2:B:Beta-2-microglobulin | 1:A:MHC class I antigen	single-domain antibody
33CH	2026-08-26T00:00:00Z	Cryo-EM structure of MAGE-A4 (230-239)-bound HLA-A*02:01 in complex with Fab VR-4	ELECTRON MICROSCOPY	2.4	1;2;3;4;5;6;7	7:E:Fab VR-4 heavy chain | 6:D:Fab VR-4 light chain | 5:G:Fab BBM.1 heavy chain | 4:F:Fab BBM.1 light chain | 3:C:Melanoma-associated antigen 4 | 2:B:Beta-2-microglobulin | 1:A:MHC class I antigen	single-domain antibody
33CG	2026-08-26T00:00:00Z	Cryo-EM structure of MAGE-A4 (230-239)-bound HLA-A*02:01 in complex with Fab VR-6	ELECTRON MICROSCOPY	2.2	1;2;3;4;5;6;7	7:G:Fab BBM.1 heavy chain | 6:F:Fab BBM.1 light chain | 5:E:Fab VR-6 heavy chain | 4:D:Fab VR-6 light chain | 3:C:Melanoma-associated antigen 4 | 2:B:Beta-2-microglobulin | 1:A:MHC class I antigen	single-domain antibody
31MR	2026-07-01T00:00:00Z	CryoEM structure of a catalytically inactive CXC Chemokine-degrading protease SpyCEP from Streptococcus pyogenes complexed with an anti-PA-domain monoclonal antibody	ELECTRON MICROSCOPY	3.07	1;2;3;4	4:L:Anti-PA-domain monoclonal antibody (3F2G10) Light chain variable region | 3:H:Anti-PA-domain monoclonal antibody (3F2G10) Heavy chain variable region | 2:B:Cell envelope proteinase A | 1:A:Cell envelope proteinase A	single-domain antibody
29IN	2026-09-02T00:00:00Z	Structural basis of autoantibody binding in IgLON5 disease	ELECTRON MICROSCOPY	3.5	1;2;3	3:H:antibody heavy chain | 2:L:antibody light chain | 1:A:IgLON family member 5	single-domain antibody
28IY	2026-09-23T00:00:00Z	Crystal structure of the TPR domain of KLC1 in complex with the C-terminal peptide of JIP1 at 2.13 Angstrom resolution	X-RAY DIFFRACTION	2.129	1;2	2:F:Nanobody | 1:A:Kinesin light chain,C-Jun-amino-terminal kinase-interacting protein 1 isoform X2	nanobody
26WC	2026-07-22T00:00:00Z	Local refinement of the mpox virus A35R protein in complexed with 17H1 Fab	ELECTRON MICROSCOPY	3.63	1;2;3	3:L,l:Variable domain of the 17H1 light chain | 2:H,h:Variable domain of the 17H1 heavy chain | 1:A,a:Protein OPG161	single-domain antibody
26PF	2026-08-12T00:00:00Z	Structure of a human monoclonal neutralizing antibody S54 targeting Epstein-Barr virus major glycoprotein gp350	ELECTRON MICROSCOPY	3.1	1;2;3	3:C:BLLF1 | 2:B:Fab S54 L chain | 1:A:Fab S54 H chain	single-domain antibody
25PV	2026-05-27T00:00:00Z	Structure of the anthrax protective antigen in complex with a potent neutralizing antibody	ELECTRON MICROSCOPY	3.03	1;2;3	3:D:22F1 VL | 2:C:22F1 VH | 1:A:Protective antigen PA-63	single-domain antibody
22HP	2026-08-05T00:00:00Z	SARS-CoV-2 BA.3.2.2(RE.2.2) RBD in complex with monoclonal antibodies S2K146 and L4.65	ELECTRON MICROSCOPY	3.19	1;2;3;4;5	5:t:The light chain of monoclonal antibody S2K146 | 4:T:The heavy chain of monoclonal antibody S2K146 | 3:L:The light chain of monoclonal antibody L4.65 | 2:H:The heavy chain of monoclonal antibody L4.65 | 1:A:Spike protein S1	single-domain antibody
22HG	2026-08-12T00:00:00Z	SARS-CoV-2 BA.3.2.2(RE.2.2) RBD in complex with human ACE2 and monoclonal antibody S2H97	ELECTRON MICROSCOPY	2.61	1;2;3;4	4:M:Light chain of monoclonal antibody S2H97 | 3:I:Heavy chain of monoclonal antibody S2H97 | 2:B:Processed angiotensin-converting enzyme 2 | 1:A:Spike protein S1	single-domain antibody
21NZ	2026-08-26T00:00:00Z	Cryo-EM structure of the rat IgE-Fc in complex with FcgammaRIV	ELECTRON MICROSCOPY	2.98	1;2	2:B,C:Immunoglobulin heavy constant epsilon | 1:A:Low affinity immunoglobulin gamma Fc region receptor III-A	single-domain antibody
21NY	2026-08-26T00:00:00Z	Cryo-EM structure of the rat IgE-Fc in complex with FcgammaRIIB	ELECTRON MICROSCOPY	3.39	1;2	2:B,C:Immunoglobulin heavy constant epsilon | 1:A:Low affinity immunoglobulin gamma Fc region receptor II	single-domain antibody
21NX	2026-08-26T00:00:00Z	Cryo-EM structure of mouse IgG2b-Fc in complex with FcgammaRIV	ELECTRON MICROSCOPY	2.99	1;2	2:B,C:Isoform 2 of Immunoglobulin heavy constant gamma 2B | 1:A:Low affinity immunoglobulin gamma Fc region receptor III-A	single-domain antibody
21EO	2026-06-17T00:00:00Z	Cryo-EM structure of monomeric Cu/Zn-superoxide dismutase from dog (Canis familiaris) complexed with 19A9 triabody in the open conformation	ELECTRON MICROSCOPY	3.91	1;2	2:D,E,F:Superoxide dismutase [Cu-Zn] | 1:A,B,C:trivalent antibody fragment (triabody)	single-domain antibody
21EN	2026-06-17T00:00:00Z	Cryo-EM structure of monomeric Cu/Zn-superoxide dismutase from dog (Canis familiaris) complexed with 19A9 triabody in the closed conformation	ELECTRON MICROSCOPY	2.95	1;2	2:D,E,F:Superoxide dismutase [Cu-Zn] | 1:A,B,C:trivalent antibody fragment (triabody)	single-domain antibody
13BR	2026-07-15T00:00:00Z	Cryo-EM structure of AZGP1-Fab complex	ELECTRON MICROSCOPY	3.1	1;2;3	3:A:Zinc-alpha-2-glycoprotein | 2:H:Fab heavy chain | 1:L:Fab light chain	single-domain antibody
13BF	2026-07-15T00:00:00Z	Cryo-EM structure of COL6A3-Fab complex	ELECTRON MICROSCOPY	3.0	1;2;3	3:A:Collagen alpha-3(VI) chain | 2:L:Fab light chain | 1:H:Fab heavy chain	single-domain antibody
12QJ	2026-06-03T00:00:00Z	Pneumococcal choline binding CbpE surface protein bounds to 5992-2 Fab	ELECTRON MICROSCOPY	3.35	1;2;3	3:C:5992-2 Fab Light Chain | 2:B:5992-2 Fab Heavy Chain | 1:A:Choline binding protein E CbpE	single-domain antibody
12IV	2026-09-23T00:00:00Z	CryoEM structure of monoclonal Fab 047-09 1A02 binding the lateral patch of influenza virus H1 HA (A/California/04/2009 H1N1)	ELECTRON MICROSCOPY	3.76	1;2;3;4	4:P,Q,R:Light chain 1A02 | 3:I,J,K:Heavy chain 1A02 | 2:C,E,F:Hemagglutinin HA1 | 1:A,B,D:Hemagglutinin HA2	single-domain antibody
12IU	2026-09-16T00:00:00Z	CryoEM structure of monoclonal Fab 047-09M 2F03 binding the lateral patch of influenza virus H1 HA (A/California/04/2009)	ELECTRON MICROSCOPY	3.06	1;2;3;4	4:a,b,c:Hemagglutinin HA2 | 3:A,H,O:Hemagglutinin HA1 | 2:V,W,X:2F03 heavy chain | 1:I,Y,Z:2F03 light chain	single-domain antibody
12AO	2026-09-16T00:00:00Z	Crystal structure of the A/Puerto Rico/8/1934 (H1N1) influenza virus hemagglutinin in complex with fusion inhibitor peptide DP142014	X-RAY DIFFRACTION	2.85	1;2;3	3:C:Synthetic peptide | 2:B:Hemagglutinin HA2 chain | 1:A:Hemagglutinin	single-domain antibody
11OV	2026-05-27T00:00:00Z	Cryo-EM structure of EV-D68 B3 VLP bound by neutralizing antibody 5H03	ELECTRON MICROSCOPY	2.83	1;2;3;4;5	5:l:5H03 Fab light chain | 4:h:5H03 Fab heavy chain | 3:C:Capsid protein VP3 | 2:B:Capsid protein VP0 | 1:A:Capsid protein VP1	single-domain antibody
11LT	2026-05-27T00:00:00Z	Cryo-EM structure of EV-D68 B3 VLP bound by neutralizing antibody 1E11	ELECTRON MICROSCOPY	2.63	1;2;3;4;5	5:L:1E11 Fab light chain | 4:H:1E11 Fab heavy chain | 3:C:Capsid protein VP3 | 2:B:Capsid protein VP0 | 1:A:Capsid protein VP1	single-domain antibody
11LS	2026-08-19T00:00:00Z	Human Monoclonal Antibody RVC68 in complex with rabies virus glycoprotein	ELECTRON MICROSCOPY	3.15	1;2;3;4;5	5:L:Monoclonal Antibody RVC68 Light Chain | 4:H:Monoclonal Antibody RVC68 Heavy Chain | 3:D:Monoclonal Antibody RVA122 Light Chain | 2:A:Glycoprotein | 1:E:Monoclonal Antibody RVA122 Heavy Chain	single-domain antibody
11LR	2026-08-19T00:00:00Z	Human monoclonal antibody 8C5 in complex with rabies virus glycoprotein	ELECTRON MICROSCOPY	3.16	1;2;3;4;5	5:K,M,o:Monoclonal Antibody 8C5 Heavy Chain | 4:J,L,N:Monoclonal Antibody 8C5 Light Chain | 3:D,F,H:Monoclonal Antibody RVA122 Light Chain | 2:A,B,C:Glycoprotein | 1:E,G,I:Monoclonal Antibody RVA122 Heavy Chain	single-domain antibody
11LQ	2026-08-19T00:00:00Z	Human monoclonal antibodies 4C12 and 4H3 in complex with rabies virus glycoprotein	ELECTRON MICROSCOPY	3.24	1;2;3;4;5;6;7	7:R,T,V:Monoclonal Antibody 4C12 Heavy Chain | 6:K,M,O:Monoclonal Antibody 4H3 Heavy Chain | 5:Q,S,U:Monoclonal Antibody 4C12 Light Chain | 4:J,L,N:Monoclonal Antibody 4H3 Light Chain | 3:A,B,C:Glycoprotein | 2:E,G,I:Monoclonal Antibody RVA122 Heavy Chain | 1:D,F,H:Monoclonal Antibody RVA122 Light Chain	single-domain antibody
11LP	2026-08-19T00:00:00Z	Mouse monoclonal antibody A11 in complex with rabies virus glycoprotein	ELECTRON MICROSCOPY	2.92	1;2;3;4;5	5:J,L,N:Monoclonal Antibody A11 Light Chain | 4:A,B,C:Glycoprotein | 3:E,G,I:Monoclonal Antibody RVA122 Heavy Chain | 2:K,M,O:Monoclonal Antibody A11 Heavy Chain | 1:D,F,H:Monoclonal Antibody RVA122 Light Chain	single-domain antibody
11IW	2026-08-19T00:00:00Z	Mouse monoclonal antibody A2 in complex with rabies virus glycoprotein	ELECTRON MICROSCOPY	3.01	1;2;3;4;5	5:K:Antibody A2 Heavy Chain | 4:E,G,I:Antibody RVA122 Heavy Chain | 3:J:Antibody A2 Light Chain | 2:D,F,H:Antibody RVA122 Light Chain | 1:A,B,C:Glycoprotein	single-domain antibody
10FJ	2026-07-01T00:00:00Z	FcgRIIa in complex with IV.3 Fab	ELECTRON MICROSCOPY	3.5	1;2;3	3:L:IV.3 Fab light chain | 2:H:IV.3 Fab heavy chain | 1:A:Low affinity immunoglobulin gamma Fc region receptor II-a	single-domain antibody
9XI1	2026-08-12T00:00:00Z	SARS-CoV-2 Omicron BA.4/5 spike RBD in complex with C092 Fab and ACE2	ELECTRON MICROSCOPY	2.58	1;2;3;4	4:L:Light chain of C092 Fab | 3:H:Heavy chain of C092 Fab | 2:E:Spike protein S1 | 1:A:Processed angiotensin-converting enzyme 2	single-domain antibody
9XI0	2026-08-12T00:00:00Z	SARS-CoV-2 Omicron BA.4/5 spike trimer in complex with C092 Fab and ACE2 (3 RBD up)	ELECTRON MICROSCOPY	3.98	1;2;3;4	4:D,E,F:Processed angiotensin-converting enzyme 2 | 3:J,K,L:Light chain of C092 Fab | 2:G,H,I:Heavy chain of C092 Fab | 1:A,B,C:Spike glycoprotein	single-domain antibody
9XHZ	2026-08-12T00:00:00Z	SARS-CoV-2 Omicron BA.4/5 spike trimer in complex with C092 Fab and ACE2 (2 RBD up)	ELECTRON MICROSCOPY	5.28	1;2;3;4	4:J,L:Light chain of C092 Fab | 3:G,H:Heavy chain of C092 Fab | 2:D,E:Processed angiotensin-converting enzyme 2 | 1:A,B,C:Spike glycoprotein	single-domain antibody
9XHY	2026-08-12T00:00:00Z	SARS-CoV-2 Omicron BA.4/5 spike RBD in complex with C092 Fab and ACE2	ELECTRON MICROSCOPY	3.84	1;2;3;4	4:L:Light chain of C092 Fab | 3:H:Heavy chain of C092 Fab | 2:E:Spike protein S1 | 1:A:Processed angiotensin-converting enzyme 2	single-domain antibody
9XH2	2026-09-23T00:00:00Z	Structure of the CX3CL1.44-US28-GqiN18-scFv16 in the E-state	ELECTRON MICROSCOPY	2.6	1;2;3;4;5;6	6:L:N-terminal fragment of the engineered fractalkine CX3CL1.44 | 5:R:G-protein coupled receptor homolog US28 | 4:D:Antibody fragment scFv16 | 3:C:Guanine nucleotide-binding protein G(I)/G(S)/G(O) subunit gamma-2 | 2:B:Guanine nucleotide-binding protein G(I)/G(S)/G(T) subunit beta-1 | 1:A:Guanine nucleotide-binding protein G(q) subunit alpha	single-domain antibody
9XGX	2026-09-09T00:00:00Z	Cryo-EM structure of SARS-CoV-2 receptor binding domain in complex with SR-23 Fab (local refinement of RBD and Fv)	ELECTRON MICROSCOPY	2.8	1;2;3	3:E:Spike protein S1 | 2:B:Light chain of SR-23 Fab | 1:A:Heavy chain of SR-23 Fab	single-domain antibody
9XGW	2026-09-09T00:00:00Z	Cryo-EM structure of SARS-CoV-2 receptor binding domain in complex with CS-42 Fab (local refinement of RBD and Fv)	ELECTRON MICROSCOPY	3.2	1;2;3	3:E:Spike protein S1 | 2:B:Light chain of CS-42 Fab | 1:A:Heavy chain of CS-42 Fab	single-domain antibody
9X9T	2026-09-02T00:00:00Z	Local refinement of SARS-CoV-2 KP.3.1.1 RBD with BD57-2704 and AB2-122 Fab	ELECTRON MICROSCOPY	3.45	1;2;3;4;5	5:R:Spike protein S1 | 4:D:AB2-122 light chain | 3:C:AB2-122 heavy chain | 2:B:BD57-2704 light chain | 1:A:BD57-2704 heavy chain	single-domain antibody
9X3K	2026-06-03T00:00:00Z	apo state of Mengla Virus Glycoprotein	ELECTRON MICROSCOPY	3.08	1	1:A,B,C:Envelope glycoprotein	single-domain antibody
9X3J	2026-06-03T00:00:00Z	Glycoprotein of Mengla Virus with MR191 Fab bound	ELECTRON MICROSCOPY	3.47	1;2;3	3:D,G,M:MR191 Fab Light Chain | 2:C,F,I:MR191 Fab Heavy Chain | 1:A,B,E:Envelope glycoprotein	single-domain antibody
9WMG	2026-09-09T00:00:00Z	Structurally oriented stability promotion of anti-hapten nanobody: A unique strategy from mutagenesis of distal framework region.	X-RAY DIFFRACTION	1.955	1	1:A,B:3-pba	nanobody
9WLB	2026-06-03T00:00:00Z	Local refinement region of SARS-CoV-2 spike RBD in complex with antibodies S309 and CT1-1.	ELECTRON MICROSCOPY	3.74	1;2;3;4;5	5:L:CT1-1 Fab light chain | 4:R:Spike protein S1 | 3:H:CT1-1 Fab heavy chain | 2:D:S309 Fab heavy chain | 1:B:S309 Fab light chain	single-domain antibody
9WLA	2026-06-03T00:00:00Z	Local refinement region of SARS-CoV-2 spike RBD in complex with antibodies CT1-5.	ELECTRON MICROSCOPY	3.6	1;2;3;4;5	5:L:CT1-5 Fab light chain | 4:H:CT1-5 Fab heavy chain | 3:R:Spike protein S1 | 2:D:S309 Fab heavy chain | 1:B:S309 Fab light chain	single-domain antibody
9WIG	2026-08-05T00:00:00Z	Structure of the PT NTD-C1536-CoV2-3434-BLN8 complex	ELECTRON MICROSCOPY	3.93	1;2;3;4;5;6;7	7:G:Spike protein S1 | 6:F:BLN8-A-1 | 5:E:BLN8-B-1 | 4:D:C1536-B-1 | 3:C:C1536-A-1 | 2:B:3434-B-1 | 1:A:3434-A-2	single-domain antibody
9W6U	2026-08-05T00:00:00Z	Structure of the PT NTD-C1554-C1540 complex	ELECTRON MICROSCOPY	2.81	1;2;3;4;5	5:E:C1540-H-Fab | 4:D:C1540-L-Fab | 3:C:C1554-L-Fab | 2:B:C1554-H-Fab | 1:A:Spike protein S1	single-domain antibody
9W43	2026-07-01T00:00:00Z	Structure of the complex of human PD-1 and a PD-1-directed antibody	ELECTRON MICROSCOPY	2.96	1;2;3	3:C:Programmed cell death protein 1 | 2:B:Light chain of 1C4 Fab fragment | 1:A:Heavy chain of 1C4 Fab fragment	single-domain antibody
9VWM	2026-09-09T00:00:00Z	Cryo-EM structure of zika virus complexed with Fab 1C11	ELECTRON MICROSCOPY	3.2	1;2;3;4	4:H,J,L:1C11 Fab light chain variable region | 3:G,I,K:1C11 Fab heavy chain variable region | 2:B,D,F:Small envelope protein M | 1:A,C,E:Envelope protein E	single-domain antibody
9VMD	2026-06-10T00:00:00Z	HRV14 3C in complex with single chain antibody YDF and cloverleafRNA-conformation2 splitRNA	ELECTRON MICROSCOPY	4.38	1;2;3;4	4:R:RNA (83-MER) | 3:Q:YDF light chain | 2:P:YDF heavy chain | 1:O:Protease 3C	single-domain antibody
9UXS	2026-05-27T00:00:00Z	The local refine of 3D reconstruction of the complex formed by SARS-CoV2 BA.1 spike glycoprotein and a single-domain antibody	ELECTRON MICROSCOPY	3.4	1;2	2:B:Spike glycoprotein | 1:A:single-domain antibody	single-domain antibody
9UHQ	2026-07-22T00:00:00Z	Local refinement of JN.1 spike in complex with antibody BA5-39	ELECTRON MICROSCOPY	4.62	1;2;3	3:C:BA5-39-H | 2:B:BA5-39-L | 1:A:Spike protein S1	single-domain antibody
9UHH	2026-07-22T00:00:00Z	WT RBD in complex with antibody BA5-12-GR	ELECTRON MICROSCOPY	4.05	1;2;3	3:C:Spike protein S1 | 2:B:BA5_12_L | 1:A:BA5_12_H	single-domain antibody
9UHG	2026-07-22T00:00:00Z	JN.1 RBD in complex with antibody BA5-12-CDR1	ELECTRON MICROSCOPY	3.91	1;2;3	3:M:BA5-12-CDR1-L | 2:I:BA5-12-CDR1-H | 1:A:Spike protein S1	single-domain antibody
9UHF	2026-07-22T00:00:00Z	JN.1 RBD in complex with antibody BA5-12	ELECTRON MICROSCOPY	4.18	1;2;3	3:M:BA5-12-L | 2:I:BA5-12-H | 1:A:Spike protein S1	single-domain antibody
9U43	2026-09-23T00:00:00Z	Cryo-EM structure of D-peptide-GPCR-Gq complex	ELECTRON MICROSCOPY	3.02	1;2;3;4;5;6	6:N:Nanobody 35 | 5:G:Guanine nucleotide-binding protein G(I)/G(S)/G(O) subunit gamma-2 | 4:B:Guanine nucleotide-binding protein G(I)/G(S)/G(T) subunit beta-1 | 3:A:Guanine nucleotide-binding protein G(q) subunit alpha-1 | 2:P:Arg-vasopressin | 1:R:exo-alpha-sialidase,Vasopressin V1a receptor	nanobody
9U40	2026-09-23T00:00:00Z	Cryo-EM structure of peptide GPCR-Gq complex	ELECTRON MICROSCOPY	3.04	1;2;3;4;5;6	6:N:Nanobody 35 | 5:G:Guanine nucleotide-binding protein G(I)/G(S)/G(O) subunit gamma-2 | 4:B:Guanine nucleotide-binding protein G(I)/G(S)/G(T) subunit beta-1 | 3:A:Guanine nucleotide-binding protein G(q) subunit alpha-1 | 2:P:Arg-vasopressin | 1:R:exo-alpha-sialidase,Vasopressin V1a receptor	nanobody
9TV0	2026-07-22T00:00:00Z	PfRIPR and PfCyRPA	ELECTRON MICROSCOPY	2.8	1;2	2:B:Cysteine-rich protective antigen | 1:A:Rh5-interacting protein	single-domain antibody
9TUZ	2026-07-08T00:00:00Z	PfRIPR bound to monoclonal antibody MAD8-2	ELECTRON MICROSCOPY	3.4	1;2;3	3:C:MAD8-2 light chain | 2:B:MAD8-2 heavy chain | 1:A:Rh5-interacting protein	single-domain antibody
9TD2	2026-06-10T00:00:00Z	Integrin AlphaIIbBeta3 bound to Fab of the anti-HPA-1a antibody 26.4	ELECTRON MICROSCOPY	2.64	1;2;3;4	4:L:Antibody 26.4 Fab light chain | 3:H:Antibody 26.4 Fab heavy chain | 2:B:Integrin beta-3 | 1:A:Integrin alpha-IIb	single-domain antibody
9SHW	2026-09-09T00:00:00Z	Prefusion-stabilized Nipah virus fusion protein in complex with inhibitory nanobody F112	ELECTRON MICROSCOPY	2.79	1;2	2:Ba,Bb,Bc:F112 nanobody | 1:Aa,Ab,Ac:Fusion glycoprotein F0	nanobody
9SHV	2026-09-09T00:00:00Z	Prefusion-stabilized Hendra virus fusion protein in complex with inhibitory nanobody F123	ELECTRON MICROSCOPY	2.87	1;2	2:Ba,Bb,Bc:F123 nanobody | 1:Aa,Ab,Ac:Fusion glycoprotein F0	nanobody
9SF5	2026-09-02T00:00:00Z	KP.3 SARS-CoV2 with fab JN-1.6 local refinement	ELECTRON MICROSCOPY	3.7	1;2;3	3:L:JN.1-6 antibody fragment light chain | 2:H:JN.1-6 antibody fragment heavy chain variable domain | 1:A:Spike glycoprotein	single-domain antibody
9S9F	2026-08-19T00:00:00Z	Crystal of cardiotoxin (P01468) Naja pallida	X-RAY DIFFRACTION	1.07	1	1:A,B,C:Cytotoxin 1	nanobody
9S6Y	2026-07-08T00:00:00Z	CryoEM structure of WIV1 spike monomer in complex with neutralizing antibody V1WT_06	ELECTRON MICROSCOPY	3.98	1;2;3	3:C:Spike glycoprotein | 2:B:V1WT_06 Antibody Heavy Chain | 1:A:V1WT_06 Antibody Light Chain	single-domain antibody
9S6Q	2026-07-08T00:00:00Z	CryoEM structure of WIV1 spike monomer in complex with neutralizing antibody V1WT_41	ELECTRON MICROSCOPY	3.57	1;2;3	3:C:Spike glycoprotein | 2:B:V1WT_41 Antibody Heavy Chain | 1:A:V1WT_41 Antibody Light Chain	single-domain antibody
9S67	2026-07-08T00:00:00Z	CryoEM structure of WIV1 spike monomer in complex with neutralizing antibody VA14_26	ELECTRON MICROSCOPY	4.12	1;2;3	3:C:Spike glycoprotein | 2:B:VA14_26 antibody Heavy Chain | 1:A:VA14_26 Antibody Light Chain	single-domain antibody
9RUH	2026-07-15T00:00:00Z	Cryo-EM structure of the LB_DQB0602_B Fab - HLA-DQB1*06:02/DQA1*01:02 human alloantibody-HLA complex	ELECTRON MICROSCOPY	2.74	1;2;3;4;5	5:A:HLA class II histocompatibility antigen DQ alpha chain | 4:B:HLA class II histocompatibility antigen DQ beta chain | 3:L:LB_DQB0602_B Light chain | 2:H:LB_DQB0602_B Heavy chain | 1:P:Peptide, unknown sequence	single-domain antibody
9RUG	2026-07-15T00:00:00Z	Cryo-EM structure of the LB_DQB0303_A Fab - HLA-DQB1*03:03/DQA1*02:01 human alloantibody-HLA complex	ELECTRON MICROSCOPY	2.74	1;2;3;4;5	5:P:Peptide, unknown sequence | 4:A:HLA class II histocompatibility antigen DQ alpha chain | 3:B:Lymphocyte antigen | 2:L:LB_DQB0303_A Light chain | 1:H:LB_DQB0303_A Heavy chain	single-domain antibody
9RUF	2026-07-15T00:00:00Z	Cryo-EM structure of the LB_DQB0301_A Fab - HLA-DQB1*03:01/DQA1*05:02 human alloantibody-HLA complex	ELECTRON MICROSCOPY	2.9	1;2;3;4;5	5:P:Peptide, unknown sequence. | 4:L:LB_DQB0301_A Light chain | 3:H:LB_DQB0301_A Heavy chain | 2:B:HLA class II histocompatibility antigen, DQ beta 1 chain | 1:A:HLA class II histocompatibility antigen, DQ alpha 1 chain	single-domain antibody
9Q7C	2026-06-24T00:00:00Z	Cryo-electron microscopy structure of PfRIPR bound to monoclonal antibodies RP.092 and RP.052	ELECTRON MICROSCOPY	4.01	1;2;3;4;5	5:E:RP.052 Light Chain | 4:D:RP.052 Heavy Chain | 3:C:RP.092 Light Chain | 2:B:RP.092 Heavy Chain | 1:A:Rh5-interacting protein	single-domain antibody
9Q6B	2026-06-24T00:00:00Z	Cryo-electron microscopy structure of PfRIPR bound to monoclonal antibodies RP.093, RP.073 and RP.063	ELECTRON MICROSCOPY	2.97	1;2;3;4;5;6;7	7:G:Rh5-interacting protein | 6:F:RP.063 Light Chain | 5:E:RP.063 Heavy Chain | 4:D:RP.073 Light Chain | 3:C:RP.073 Heavy Chain | 2:B:RP.093 Light Chain | 1:A:RP.093 Heavy Chain	single-domain antibody
9Q69	2026-06-24T00:00:00Z	Cryo-electron microscopy structure of PfRIPR bound to monoclonal antibodies RP.047, RP.057 and RP.035	ELECTRON MICROSCOPY	3.35	1;2;3;4;5;6;7	7:G:Rh5-interacting protein | 6:F:RP.035 Light Chain | 5:E:RP.035 Heavy Chain | 4:D:RP.057 Light Chain | 3:C:RP.057 Heavy Chain | 2:B:RP.047 Light Chain | 1:A:RP.047 Heavy Chain	single-domain antibody
9Q24	2026-07-01T00:00:00Z	Structure of the Measles virus Hemagglutinin ectodomain in complex with two neutralizing antibodies 1C08 and 4D08	ELECTRON MICROSCOPY	3.25	1;2;3;4;5	5:A,F:Hemagglutinin glycoprotein | 4:E,J:1C08 Fab Light chain | 3:D,I:1C08 Fab Heavy chain | 2:C,H:4D08 Fab Light Chain | 1:B,G:4D08 Fab heavy chain	single-domain antibody
9Q20	2026-07-01T00:00:00Z	Structure of the Measles virus Hemagglutinin ectodomain in complex with neutralizing antibody 1C08	ELECTRON MICROSCOPY	3.25	1;2;3	3:C,F:Hemagglutinin glycoprotein | 2:B,E:1C08 Fab Light chain | 1:A,D:1C08 Fab Heavy chain	single-domain antibody
9Q1Z	2026-07-01T00:00:00Z	Structure of the Measles virus Hemagglutinin ectodomain in complex with neutralizing antibody 1C02	ELECTRON MICROSCOPY	3.05	1;2;3	3:D,F:Hemagglutinin glycoprotein | 2:B,E:1C02 Fab Light chain | 1:A,C:1C02 Fab Heavy chain	single-domain antibody
9PZC	2026-07-01T00:00:00Z	HCMV trimer in complex with G1L (II), G1L (A), B5L, C4K, B1K, A7K, A12K, and C5K Fabs	ELECTRON MICROSCOPY	3.2	1;2;3;4;5;6;7;8;9;10;11;12;13;14;15;16	9:I:A12K Fab light chain | 8:H:Immunoglobulin heavy variable 4-34 | 7:G:A12K Fab heavy chain | 6:F:Immunoglobulin kappa variable 3-20 | 5:E:Immunoglobulin heavy variable 1-46 | 4:D:G1L Fab heavy chain | 3:C:Immunoglobulin lambda variable 1-51 | 2:B:Envelope glycoprotein L | 16:P:C4K Fab light chain | 15:O:C4K Fab heavy chain | 14:N:Immunoglobulin heavy variable 1-46 | 13:M:C5K Fab light chain | 12:L:B5L Fab light chain | 11:K:Immunoglobulin heavy variable 4-39 | 10:J:Immunoglobulin kappa variable 1-39 | 1:A:Envelope glycoprotein H	single-domain antibody
9PZB	2026-07-01T00:00:00Z	HCMV trimer in complex with E4K, E11K, A9K, E9L, E8K, B1K, E7K, F12L and E10L Fabs	ELECTRON MICROSCOPY	3.2	1;2;3;4;5;6;7;8;9;10;11;12;13;14;15;16	9:J:F12L Fab heavy chain | 8:I:E8K Fab light chain | 7:H:E8K Fab heavy chaun | 6:G:A9K Fab light chain | 5:F:A9K Fab heavy chain | 4:E:E10L Fab heavy chain | 3:D:E10L Fab light chain | 2:B:Envelope glycoprotein L | 16:Q:E4K Fab light chain | 15:P:E4K Fab heavy chain | 14:O:B1K Fab light chain | 13:N:B1K Fab heavy chain | 12:M:E9L Fab heavy chaun | 11:L:E9L Fab light chain | 10:K:F12L Fab light chain | 1:A:Envelope glycoprotein H	single-domain antibody
9PMS	2026-07-22T00:00:00Z	Epitope editing of CD90 protects hematopoietic stem cells from immunotherapy and enables targeted enrichment for gene therapy	ELECTRON MICROSCOPY	3.56	1;2;3;4;5	5:L:Antibody light chain | 4:H:Antibody heavy chain | 3:C:Thy-1 membrane glycoprotein | 2:B:Antibody light chain | 1:A:Antibody heavy chain	single-domain antibody
9PFK	2026-07-01T00:00:00Z	Cryo-EM structure of VX93 Fab in complex with GII.4 Norovirus P domain	ELECTRON MICROSCOPY	2.93	1;2;3	3:D,L:VX93 light chain | 2:C,H:VX93 heavy chain | 1:A,B:VP1	single-domain antibody
9PFJ	2026-07-01T00:00:00Z	Cryo-EM structure of VX77 Fab in complex with GII.4 Norovirus P domain	ELECTRON MICROSCOPY	3.08	1;2;3	3:D,L:VX77 light chain | 2:C,H:VX77 heavy chain | 1:A,B:VP1	single-domain antibody
9P9T	2026-07-01T00:00:00Z	07-5G01 Fab in complex with soluble A/wedge-tailed shearwater/Western Australia/2576/1979 H15 hemagglutinin trimer	ELECTRON MICROSCOPY	3.33	1;2;3;4	4:L,M,N:05-5G01 light chain Fv | 3:H,I,J:07-5G01 heavy chain Fv | 2:B,D,F:Hemagglutinin HA2 | 1:A,C,E:Hemagglutinin HA1	single-domain antibody
9XI2	2026-08-12T00:00:00Z	SARS-CoV-2 Omicron BA.4/5 spike RBD in complex with C807 Fab and ACE2	ELECTRON MICROSCOPY	2.83	1;2;3;4	4:L:Light chain of C807 Fab | 3:H:Heavy chain of C807 Fab | 2:E:Spike protein S1 | 1:A:Processed angiotensin-converting enzyme 2	single-domain antibody
9XI3	2026-08-12T00:00:00Z	SARS-CoV-2 Omicron BA.4/5 spike trimer in complex with C807 Fab and ACE2 (3 RBD up)	ELECTRON MICROSCOPY	4.74	1;2;3;4	1:D,E,F:Processed angiotensin-converting enzyme 2 | 2:G,H,I:Heavy chain of C807 Fab | 3:J,K,L:Light chain of C807 Fab | 4:A,B,C:Spike glycoprotein	single-domain antibody
9XI4	2026-08-12T00:00:00Z	SARS-CoV-2 Omicron BA.4/5 spike RBD in complex with BD56-104 Fab and ACE2	ELECTRON MICROSCOPY	2.83	1;2;3;4	4:L:Light chain of BD56-104 Fab | 3:H:Heavy chain of BD56-104 Fab | 2:E:Spike protein S1 | 1:A:Processed angiotensin-converting enzyme 2	single-domain antibody
9XI5	2026-08-12T00:00:00Z	SARS-CoV-2 Omicron BA.4/5 spike trimer in complex with BD56-104 Fab and ACE2 (3 RBD up)	ELECTRON MICROSCOPY	3.06	1;2;3;4	4:A,B,C:Spike glycoprotein | 3:J,K,L:Light chain of BD56-104 Fab | 2:G,H,I:Heavy chain of BD56-104 Fab | 1:D,E,F:Processed angiotensin-converting enzyme 2	single-domain antibody
9XI6	2026-08-12T00:00:00Z	SARS-CoV-2 Omicron BA.4/5 spike RBD in complex with BD56-597 Fab and ACE2	ELECTRON MICROSCOPY	2.6	1;2;3;4	4:L:Light chain of BD56-597 Fab | 3:H:Heavy chain of BD56-597 Fab | 2:E:Spike protein S1 | 1:A:Processed angiotensin-converting enzyme 2	single-domain antibody
9XI7	2026-08-12T00:00:00Z	SARS-CoV-2 Omicron BA.4/5 spike trimer in complex with BD56-597 Fab and ACE2 (3 RBD up)	ELECTRON MICROSCOPY	3.22	1;2;3;4	4:J,K,L:Light chain of BD56-597 Fab | 3:G,H,I:Heavy chain of BD56-597 Fab | 2:D,E,F:Processed angiotensin-converting enzyme 2 | 1:A,B,C:Spike glycoprotein	single-domain antibody
9XI8	2026-08-12T00:00:00Z	Sarbecovirus GX2013 Spike S1 in complex with C092 Fab	ELECTRON MICROSCOPY	3.45	1;2;3	3:A:Spike glycoprotein | 2:L:Light chain of C092 Fab | 1:H:Heavy chain of C092 Fab	single-domain antibody
9XI9	2026-08-12T00:00:00Z	SARS-CoV-2 Omicron LP.8.1 spike trimer (S-6P) in complex with 3 ZL58 Fabs and 3 ZL525 Fabs, focused refinement of RBD and Fab region	ELECTRON MICROSCOPY	2.93	1;2;3;4;5	5:L:Light chain of ZL58 Fab | 4:C:Spike protein S1 | 3:H:Heavy chain of ZL58 Fab | 2:B:Light chain of ZL525 Fab | 1:A:Heavy chain of ZL525 Fab	single-domain antibody
9XIX	2026-09-23T00:00:00Z	Structure of the CX3CL1.44-US28-GqiN18-scFv16 in the C-state	ELECTRON MICROSCOPY	2.58	1;2;3;4;5;6	2:B:Guanine nucleotide-binding protein G(I)/G(S)/G(T) subunit beta-1 | 6:R:G-protein coupled receptor homolog US28 | 5:L:Processed fractalkine | 4:D:Antibody fragment scFv16 | 3:C:Guanine nucleotide-binding protein G(I)/G(S)/G(O) subunit gamma-2 | 1:A:Guanine nucleotide-binding protein G(i) subunit alpha-1,Guanine nucleotide-binding protein G(q) subunit alpha	single-domain antibody
9XIY	2026-09-23T00:00:00Z	Structure of the CX3CL1.44-US28-GqiN18-scFv16 in the T2C-state	ELECTRON MICROSCOPY	2.86	1;2;3;4;5;6	6:R:G-protein coupled receptor homolog US28 | 5:L:Processed fractalkine | 4:D:antibody fragment scFv16 | 3:C:Guanine nucleotide-binding protein G(I)/G(S)/G(O) subunit gamma-2 | 2:B:Guanine nucleotide-binding protein G(I)/G(S)/G(T) subunit beta-1 | 1:A:Guanine nucleotide-binding protein G(i) subunit alpha-1,Guanine nucleotide-binding protein G(q) subunit alpha,Guanine nucleotide-binding protein G(q) subunit alpha	single-domain antibody
9XJ5	2026-09-23T00:00:00Z	Structure of the CX3CL1.44-US28-GqiN18-scFv16 in the C-state, full chemokine domain modeled	ELECTRON MICROSCOPY	2.81	1;2;3;4;5;6	6:R:G-protein coupled receptor homolog US28 | 5:L:Processed fractalkine | 4:D:antibody fragment scFv16 | 3:C:Guanine nucleotide-binding protein G(I)/G(S)/G(O) subunit gamma-2 | 2:B:Guanine nucleotide-binding protein G(I)/G(S)/G(T) subunit beta-1 | 1:A:Guanine nucleotide-binding protein G(i) subunit alpha-1,Guanine nucleotide-binding protein G(q) subunit alpha	single-domain antibody
9XJ7	2026-09-23T00:00:00Z	Structure of the CX3CL1.44-US28-GqiN18-scFv16 in the C'-state with AHD visible	ELECTRON MICROSCOPY	2.89	1;2;3;4;5;6	1:A:Guanine nucleotide-binding protein G(i) subunit alpha-1,Guanine nucleotide-binding protein G(q) subunit alpha | 2:B:Guanine nucleotide-binding protein G(I)/G(S)/G(T) subunit beta-1 | 3:C:Guanine nucleotide-binding protein G(I)/G(S)/G(O) subunit gamma-2 | 4:D:antibody fragment scFv16 | 5:L:Processed fractalkine | 6:R:G-protein coupled receptor homolog US28	single-domain antibody
9XJP	2026-09-23T00:00:00Z	Structure of the CX3CL1.44-US28-GqiN18-scFv16 in the E-state, chemokine domain fully modeled	ELECTRON MICROSCOPY	2.74	1;2;3;4;5;6	6:L:Processed fractalkine | 5:R:G-protein coupled receptor homolog US28 | 4:D:Antibody fragment scFv16 | 3:C:Guanine nucleotide-binding protein G(I)/G(S)/G(O) subunit gamma-2 | 2:B:Guanine nucleotide-binding protein G(I)/G(S)/G(T) subunit beta-1 | 1:A:Guanine nucleotide-binding protein G(i) subunit alpha-1,Guanine nucleotide-binding protein G(q) subunit alpha	single-domain antibody
9XL8	2026-09-02T00:00:00Z	Crystal structure of the VHH and Trastuzumab-Fab complex	X-RAY DIFFRACTION	3.0	1;2;3	1:A:Antibody | 3:C:Antibody | 2:B:Antibody	VHH
9XNY	2026-08-05T00:00:00Z	Focus refinement of PEDV HNXX spike monomer with D0 down in complex with N19 Fab	ELECTRON MICROSCOPY	2.2	1;2;3	3:G:N19 VL | 2:F:N19 VH | 1:A:Spike glycoprotein	single-domain antibody
9XO0	2026-08-26T00:00:00Z	PEDV HNXX spike trimer with three D0 down in complex with three N19 Fabs	ELECTRON MICROSCOPY	2.13	1;2;3	3:G,H,I:N19 VL | 2:D,E,F:N19 VH | 1:A,B,C:Spike glycoprotein	single-domain antibody
9XO1	2026-08-05T00:00:00Z	PEDV HNXX spike trimer with two D0 down in complex with two N19 Fabs	ELECTRON MICROSCOPY	2.42	1;2;3	3:E,G:N19 VL | 2:D,F:N19 VH | 1:A,B,C:Spike glycoprotein	single-domain antibody
9XO2	2026-08-05T00:00:00Z	PEDV HNXX spike trimer with one D0 Down in complex with one N19 Fab	ELECTRON MICROSCOPY	2.71	1;2;3	3:G:N19 VL | 2:F:N19 VH | 1:A,B,C:Spike glycoprotein	single-domain antibody
9Y1Q	2026-09-09T00:00:00Z	Alternative NBD1-binding geometry in channel-formed, ATP-bound, VX809-bound, T2a-nanobody-bound wild-type human CFTR (Composite map from PHENIX)	ELECTRON MICROSCOPY	3.86	1;2;3	3:C:UNK-UNK-UNK-UNK-UNK-UNK-UNK-UNK-UNK-UNK-UNK-UNK-UNK-UNK-UNK-UNK-UNK | 2:B:T2a nanobody | 1:A:Cystic fibrosis transmembrane conductance regulator	nanobody
9Y3I	2026-09-09T00:00:00Z	Crystal Structure of PA14 Cif Bound to Nanobodies VHH108 and VHH219	X-RAY DIFFRACTION	1.8	1;2;3	3:A,B:CFTR inhibitory factor | 2:E,F:Nanobody VHH108 | 1:C,D:Nanobody VHH219	VHH;nanobody
9Y3J	2026-09-09T00:00:00Z	Crystal Structure of Nanobody VHH108 with the L102A Mutation Bound to Its Antigen PA14 Cif	X-RAY DIFFRACTION	1.95	1;2	2:C,D:Nanobody VHH108 with L102A mutation | 1:A,B:CFTR inhibitory factor	VHH;nanobody
9Y4T	2026-09-16T00:00:00Z	V-shaped (channel-formed), ATP-bound, VX809-bound conformation of wild-type human CFTR (composite map from PHENIX based on consensus and local refinement maps from cryoSPARC)	ELECTRON MICROSCOPY	3.14	1	1:A:Cystic fibrosis transmembrane conductance regulator	nanobody
9Y7C	2026-09-23T00:00:00Z	HB3VAR03 CIDRa1.4 in complex with B57 and C50 fabs	ELECTRON MICROSCOPY	3.4	1;2;3;4;5	1:H:B57 heavy chain | 2:L:B57 light chain | 3:B:C50 heavy chain | 5:A:PfEMP1 | 4:C:C50 light chain	single-domain antibody
9Y7F	2026-09-16T00:00:00Z	Crystal structure of nanobody R3D8 in complex with human voltage-gated sodium channel Nav1.7 P-loop 1.	X-RAY DIFFRACTION	1.7	1;2	2:B:Sodium channel protein type 9 subunit alpha | 1:A:Nanobody R3D8	nanobody
9YAX	2026-05-27T00:00:00Z	Localized reconstruction of the asymmetric unit of the low pH treated back neutralized SINV/EEEV in complex with Fab fragment of the antibody EEEV-179	ELECTRON MICROSCOPY	4.2	1;2;3;4;5	5:a,b,c,d,e:E2 | 4:P,Q,R,S,T:Capsid protein | 3:A,B,C,D,E:E1 | 2:2:EEEV-179 Light chain | 1:1:EEEV-179 Heavy chain	single-domain antibody
9YSG	2026-07-29T00:00:00Z	Cryo-EM structure of SARS-CoV-2 Omicron neutralizing antibody AB2-122 with BA.5 RBD and SP1-77 Fab complex	ELECTRON MICROSCOPY	3.0	1;2;3;4;5	5:G:AB2-122 Fab light chain | 4:F:AB2-122 Fab heavy chain | 3:E:SP1-77 Fab light chain | 2:D:SP1-77 Fab heavy chain | 1:A:Spike glycoprotein	single-domain antibody
9YTA	2026-07-29T00:00:00Z	Cryo-EM structure of SARS-CoV-2 Omicron neutralizing antibody L52 with BA.5 RBD and SP1-77 Fab complex	ELECTRON MICROSCOPY	3.27	1;2;3;4;5	5:G:L52 Fab Light Chain | 4:F:L52 Fab Heavy Chain | 3:E:SP1-77 Fab Light Chain | 2:D:SP1-77 Fab Heavy Chain | 1:A:Spike glycoprotein	single-domain antibody
9YTC	2026-07-29T00:00:00Z	Cryo-EM structure of SARS-CoV-2 Omicron neutralizing antibody S212 with BA.5 RBD and SP1-77 Fab complex	ELECTRON MICROSCOPY	2.68	1;2;3;4;5	4:F:S212 Fab heavy chain | 5:G:S212 Fab light chain | 3:E:SP1-77 Fab light chain | 2:D:SP1-77 Fab heavy chain | 1:A:Spike glycoprotein	single-domain antibody
9YXV	2026-05-27T00:00:00Z	Cryo-EM structure of the core region of cIL-U1A-Fab1R-PGA1-sfFab quaternary complex at 2.9 A resolution	ELECTRON MICROSCOPY	2.9	1;2;3;4;5;6;7	7:L:Fab1R light chain | 6:H:Fab1R heavy chain | 5:E:sfFab18 heavy chain | 4:D:sfFab18 light chain | 3:C:Protein G | 2:B:Hairpin II of the U1 snRNA (U1hpII) | 1:A:U1 small nuclear ribonucleoprotein A	single-domain antibody
9Z12	2026-07-08T00:00:00Z	SARS-CoV-2 spike S2 in complex with antibody B3-1	ELECTRON MICROSCOPY	3.2	1;2;3	3:A:Spike protein S2 | 2:L:Antibody B3-1 Light Chain | 1:H:Antibody B3-1 Heavy Chain	single-domain antibody
9Z18	2026-07-08T00:00:00Z	SARS-CoV-2 spike S2 in complex with antibody N6-2	ELECTRON MICROSCOPY	2.9	1;2;3	3:A:Spike protein S2 | 2:L:Antibody N6-2 Light Chain | 1:H:Antibody N6-2 Heavy Chain	single-domain antibody
9Z76	2026-06-03T00:00:00Z	Cryo-EM structure of Enterotoxigenic Escherichia coli autotransporter A (EatA) complexed with the fragment antigen binding domain of monoclonal antibody 25	ELECTRON MICROSCOPY	3.32	1;2;3	3:C:Light chain of the fragment antigen binding domain of monoclonal antibody 25 | 2:B:Heavy chain of the fragment antigen binding domain of monoclonal antibody 25 | 1:A:Serine protease EatA	single-domain antibody
9Z77	2026-06-03T00:00:00Z	Cryo-EM structure of Enterotoxigenic Escherichia coli autotransporter A (EatA) complexed with the fragment antigen binding domain of monoclonal antibody G12	ELECTRON MICROSCOPY	3.7	1;2;3	3:C:Light chain of the fragment antigen binding domain of monoclonal antibody G12 | 2:B:Heavy chain of the fragment antigen binding domain of monoclonal antibody G12 | 1:A:Serine protease EatA	single-domain antibody
9Z78	2026-06-03T00:00:00Z	Cryo-EM structure of Enterotoxigenic Escherichia coli autotransporter A (EatA) complexed with the fragment antigen binding domain of monoclonal antibody 15	ELECTRON MICROSCOPY	2.64	1;2;3	3:C:Light chain of the fragment antigen binding domain of monoclonal antibody 15 | 2:B:Heavy chain of the fragment antigen binding domain of monoclonal antibody 15 | 1:A:Serine protease EatA	single-domain antibody
9Z79	2026-06-03T00:00:00Z	Cryo-EM structure of Enterotoxigenic Escherichia coli autotransporter A (EatA) complexed with the fragment antigen binding domain of monoclonal antibody 40	ELECTRON MICROSCOPY	2.66	1;2;3	3:C:Light chain of the fragment antigen binding domain of monoclonal antibody 40 | 2:B:Heavy chain of the fragment antigen binding domain of monoclonal antibody 40 | 1:A:Serine protease EatA	single-domain antibody
9Z7A	2026-06-03T00:00:00Z	Cryo-EM structure of Secreted extracellular protein A (SepA) from Shigella flexneri complexed with the fragment antigen binding domain of monoclonal antibody 40	ELECTRON MICROSCOPY	1.99	1;2;3	3:C:Light chain of the fragment antigen binding domain of monoclonal antibody 40 | 2:B:Heavy chain of the fragment antigen binding domain of monoclonal antibody 40 | 1:A:Serine protease SepA autotransporter	single-domain antibody
9Z7B	2026-06-03T00:00:00Z	Cryo-EM structure of Protein involved in colonization (Pic) from Enteroaggregative Escherichia coli complexed with the fragment antigen binding domain of monoclonal antibody 40	ELECTRON MICROSCOPY	2.69	1;2;3	3:C:Light chain of the fragment antigen binding domain of monoclonal antibody 40 | 2:B:Heavy chain of the fragment antigen binding domain of monoclonal antibody 40 | 1:A:Serine protease pic autotransporter	single-domain antibody
9ZTJ	2026-08-19T00:00:00Z	CryoEM structure of H5N1 A/Texas/37/2024 HA bound to Fab H91	ELECTRON MICROSCOPY	3.08	1;2;3	3:A,B,C:Hemagglutinin | 2:I,K,L:H91 Fab Light Chain | 1:D,G,H:H91 Fab Heavy Chain	single-domain antibody
9ZV0	2026-05-27T00:00:00Z	CryoEM structure of H5N1 A/Texas/37/2024 HA bound to Fab H70	ELECTRON MICROSCOPY	3.24	1;2;3	3:I,K,L:H91 Fab Light Chain | 2:D,G,H:H91 Fab Heavy Chain | 1:A,B,C:Hemagglutinin	single-domain antibody
9ZV1	2026-05-27T00:00:00Z	CryoEM structure of H5N1 A/Texas/37/2024 HA bound to Fab H51	ELECTRON MICROSCOPY	2.7	1;2;3	3:A,B,C:Hemagglutinin | 2:G,K,L:H51 Fab Light Chain | 1:D,H,I:H51 Fab Heavy Chain	single-domain antibody
9ZV4	2026-06-10T00:00:00Z	CryoEM structure of H5N1 A/Texas/37/2024 HA bound to Fab H20	ELECTRON MICROSCOPY	3.15	1;2;3	3:A,B,C:Hemagglutinin | 2:G,K,L:Fab H20 Light Chain | 1:D,H,I:Fab H20 Heavy Chain	single-domain antibody
9ZV9	2026-05-27T00:00:00Z	CryoEM structure of H5N1 A/Texas/37/2024 HA bound to Fab H77	ELECTRON MICROSCOPY	2.79	1;2;3	3:I,K,L:Fab 77 Light Chain | 2:D,G,H:Fab 77 Heavy Chain | 1:A,B,C:Hemagglutinin	single-domain antibody
9ZVH	2026-05-27T00:00:00Z	CryoEM structure of H5N1 A/Texas/37/2024 HA bound to Fab H33	ELECTRON MICROSCOPY	2.93	1;2;3	3:A,B,C:Hemagglutinin | 2:G,K,L:Fab H33 Light Chain | 1:D,H,I:H33 Fab Heavy Chain	single-domain antibody
9ZVL	2026-05-27T00:00:00Z	CryoEM structure of H5N1 A/Texas/37/2024 HA bound to Fab H83	ELECTRON MICROSCOPY	3.48	1;2;3	3:F,G,L:Fab H83 Light Chain | 2:D,E,H:Fab H83 Heavy Chain | 1:A,B,C:Hemagglutinin	single-domain antibody
9ZXC	2026-07-29T00:00:00Z	Structure of AT118-R nanobody in complex with the angiotensin II type I receptor bound to losartan	ELECTRON MICROSCOPY	3.4	1;2;3	3:D:BAG2 Anti-BRIL Fab Light Chain | 2:C:BAG2 Anti-BRIL Fab Heavy Chain | 1:A:Nanobody AT118-R,Type-1 angiotensin II receptor with Soluble cytochrome b562 insertion	nanobody
9ZXD	2026-07-29T00:00:00Z	Structure of AT118-R nanobody in complex with the angiotensin II type I receptor bound to L-162,313	ELECTRON MICROSCOPY	3.2	1;2;3	3:D:BAG2 Anti-BRIL Fab Light Chain | 2:C:BAG2 Anti-BRIL Fab Heavy Chain | 1:A:AT118-R nanobody,Type-1 angiotensin II receptor with Soluble cytochrome b562 insertion	nanobody
